<?xml version="1.0" encoding="utf-8" standalone="yes"?>
<rss version="2.0" xmlns:atom="http://www.w3.org/2005/Atom">
  <channel>
    <title>Food on Miale Cozy Spaces</title>
    <link>http://localhost:1313/tags/food/</link>
    <description>Recent content in Food on Miale Cozy Spaces</description>
    <generator>Hugo</generator>
    <language>en-us</language>
    <lastBuildDate>Sat, 16 Oct 2021 11:07:10 +0600</lastBuildDate>
    <atom:link href="http://localhost:1313/tags/food/index.xml" rel="self" type="application/rss+xml" />
    <item>
      <title>How the travel sector is overcoming their pandamic stress!</title>
      <link>http://localhost:1313/posts/post-5/</link>
      <pubDate>Sat, 16 Oct 2021 11:07:10 +0600</pubDate>
      <guid>http://localhost:1313/posts/post-5/</guid>
      <description>Did you come here for something in particular or just general Riker-bashing? And blowing into maximum warp speed, you appeared for.</description>
    </item>
  </channel>
</rss>
