<?xml version="1.0" encoding="utf-8" standalone="yes"?>
<rss version="2.0" xmlns:atom="http://www.w3.org/2005/Atom">
  <channel>
    <title>Authors on Miale Cozy Spaces</title>
    <link>http://localhost:1313/authors/</link>
    <description>Recent content in Authors on Miale Cozy Spaces</description>
    <generator>Hugo</generator>
    <language>en-us</language>
    <managingEditor>hello@mialecozy.online (inhueman)</managingEditor>
    <webMaster>hello@mialecozy.online (inhueman)</webMaster>
    <atom:link href="http://localhost:1313/authors/index.xml" rel="self" type="application/rss+xml" />
  </channel>
</rss>
