<?xml version="1.0" encoding="utf-8" standalone="yes"?>
<rss version="2.0" xmlns:atom="http://www.w3.org/2005/Atom">
  <channel>
    <title>Home on Miale Cozy Spaces</title>
    <link>http://localhost:1313/</link>
    <description>Recent content in Home on Miale Cozy Spaces</description>
    <generator>Hugo</generator>
    <language>en-us</language>
    <managingEditor>hello@mialecozy.online (inhueman)</managingEditor>
    <webMaster>hello@mialecozy.online (inhueman)</webMaster>
    <lastBuildDate>Thu, 17 Oct 2024 15:29:52 +0300</lastBuildDate>
    <atom:link href="http://localhost:1313/index.xml" rel="self" type="application/rss+xml" />
    <item>
      <title>Creating a Cozy Atmosphere: Tips for Every Season</title>
      <link>http://localhost:1313/posts/post-6/</link>
      <pubDate>Thu, 17 Oct 2024 15:29:52 +0300</pubDate><author>hello@mialecozy.online (inhueman)</author>
      <guid>http://localhost:1313/posts/post-6/</guid>
      <description>&lt;p&gt;Creating a cozy atmosphere in your home is more than just aesthetics; it’s about crafting a sanctuary where you can unwind and feel at ease.&lt;/p&gt;</description>
    </item>
    <item>
      <title>Seasonal Color Trends: How to Refresh Your Home</title>
      <link>http://localhost:1313/posts/post-5/</link>
      <pubDate>Thu, 17 Oct 2024 15:07:49 +0300</pubDate><author>hello@mialecozy.online (inhueman)</author>
      <guid>http://localhost:1313/posts/post-5/</guid>
      <description>&lt;p&gt;Color has an incredible power to transform a space. It can evoke emotions, set the mood, and even influence how we perceive the size of a room.&lt;/p&gt;</description>
    </item>
    <item>
      <title>Maximizing Small Spaces: Smart Storage Solutions</title>
      <link>http://localhost:1313/posts/post-4/</link>
      <pubDate>Thu, 17 Oct 2024 15:02:09 +0300</pubDate><author>hello@mialecozy.online (inhueman)</author>
      <guid>http://localhost:1313/posts/post-4/</guid>
      <description>&lt;p&gt;Living in a small space can be both charming and challenging. While cozy apartments have their perks, finding enough storage can often feel like a puzzle.&lt;/p&gt;</description>
    </item>
    <item>
      <title>How to Transition Your Home Decor for Each Season</title>
      <link>http://localhost:1313/posts/post-3/</link>
      <pubDate>Thu, 17 Oct 2024 14:49:49 +0300</pubDate><author>hello@mialecozy.online (inhueman)</author>
      <guid>http://localhost:1313/posts/post-3/</guid>
      <description>&lt;p&gt;As the seasons change, so do our moods and the way we interact with our living spaces. There’s something refreshing about transitioning your home decor to reflect the beauty of each season. Whether it’s the vibrant blooms of spring, the sunny vibes of summer, the warm hues of fall, or the cozy comforts of winter, seasonal decor can bring new life to your home.&lt;/p&gt;</description>
    </item>
    <item>
      <title>Creating a Cozy Atmosphere: Tips for Every Season</title>
      <link>http://localhost:1313/posts/post-2/</link>
      <pubDate>Thu, 17 Oct 2024 14:34:14 +0300</pubDate><author>hello@mialecozy.online (inhueman)</author>
      <guid>http://localhost:1313/posts/post-2/</guid>
      <description>&lt;p&gt;There’s nothing quite like coming home to a cozy atmosphere after a long day. A warm and inviting space can have a profound impact on your mood and well-being.&lt;/p&gt;</description>
    </item>
    <item>
      <title>10 Budget-Friendly Home Decor Ideas</title>
      <link>http://localhost:1313/posts/post-1/</link>
      <pubDate>Thu, 17 Oct 2024 13:41:42 +0300</pubDate><author>hello@mialecozy.online (inhueman)</author>
      <guid>http://localhost:1313/posts/post-1/</guid>
      <description>&lt;p&gt;Decorating your home can be a daunting task, especially when you&amp;rsquo;re trying to stick to a budget.&#xA;But the good news is that you don’t have to spend a fortune to create a beautiful and inviting space! With a little creativity and resourcefulness, you can transform your home without breaking the bank. In this article, we’ll explore ten budget-friendly home decor ideas that will help you refresh your space while keeping your wallet happy. From thrift store finds to DIY projects, these tips will inspire you to get creative and make your home uniquely yours.&lt;/p&gt;</description>
    </item>
    <item>
      <title>Sustainable Home Decor: Eco-Friendly Tips for a Greener Space</title>
      <link>http://localhost:1313/posts/post-7/</link>
      <pubDate>Tue, 15 Oct 2024 14:37:52 +0300</pubDate><author>hello@mialecozy.online (inhueman)</author>
      <guid>http://localhost:1313/posts/post-7/</guid>
      <description>&lt;p&gt;Sustainability has become more than just a buzzword; it’s a lifestyle choice that many people are embracing—especially when it comes to home decor.&lt;/p&gt;</description>
    </item>
    <item>
      <title>About</title>
      <link>http://localhost:1313/about/</link>
      <pubDate>Sat, 16 Oct 2021 11:07:10 +0600</pubDate><author>hello@mialecozy.online (inhueman)</author>
      <guid>http://localhost:1313/about/</guid>
      <description>&lt;p&gt;&lt;strong&gt;Welcome to Miale Cozy Spaces!&lt;/strong&gt;&lt;br&gt;&#xA;At Miale, we believe that every home tells a story—and we’re here to help you craft yours! Our cozy corners and vibrant nooks are all about embracing creativity, comfort, and a touch of magic.&lt;/p&gt;</description>
    </item>
    <item>
      <title>Contact</title>
      <link>http://localhost:1313/contact/</link>
      <pubDate>Sat, 16 Oct 2021 11:07:10 +0600</pubDate><author>hello@mialecozy.online (inhueman)</author>
      <guid>http://localhost:1313/contact/</guid>
      <description>&lt;h2 id=&#34;my-contact-info&#34;&gt;My Contact Info.&lt;/h2&gt;&#xA;&lt;p&gt;Quisque sem ipsum, placerat nec tortor vel, blandit vestibulum libero. Morbi sollicitudin viverra justo et pellentesque. Nunc sem metus, maximus eu leo viverra, pulvinar vestibulum&lt;/p&gt;</description>
    </item>
    <item>
      <title>Elements</title>
      <link>http://localhost:1313/elements/</link>
      <pubDate>Sat, 16 Oct 2021 11:07:10 +0600</pubDate><author>hello@mialecozy.online (inhueman)</author>
      <guid>http://localhost:1313/elements/</guid>
      <description>&lt;h1 id=&#34;heading&#34;&gt;Heading&lt;/h1&gt;&#xA;&lt;h1 id=&#34;h1-heading&#34;&gt;H1 Heading&lt;/h1&gt;&#xA;&lt;h2 id=&#34;h2-heading&#34;&gt;H2 Heading&lt;/h2&gt;&#xA;&lt;h3 id=&#34;h3-heading&#34;&gt;H3 Heading&lt;/h3&gt;&#xA;&lt;h4 id=&#34;h4-heading&#34;&gt;H4 Heading&lt;/h4&gt;&#xA;&lt;h5 id=&#34;h5-heading&#34;&gt;H5 Heading&lt;/h5&gt;&#xA;&lt;h6 id=&#34;h6-heading&#34;&gt;H6 Heading&lt;/h6&gt;&#xA;&lt;h1 id=&#34;paragraph&#34;&gt;paragraph&lt;/h1&gt;&#xA;&lt;p&gt;Did you come here for something in particular or just general Riker-bashing? And blowing into maximum warp speed, you appeared for an instant to be in two places at once. We have a saboteur aboard. We know you’re dealing in stolen ore. But I wanna talk about the assassination attempt on Lieutenant Worf. Could someone survive inside a transporter buffer for 75 years? Fate. It protects fools, little children, and ships.&lt;/p&gt;</description>
    </item>
    <item>
      <title>Privacy Policy</title>
      <link>http://localhost:1313/privacy-policy/</link>
      <pubDate>Wed, 14 Jul 2021 00:00:00 +0000</pubDate><author>hello@mialecozy.online (inhueman)</author>
      <guid>http://localhost:1313/privacy-policy/</guid>
      <description>&lt;h2 id=&#34;what-personal-data-we-collect-and-why-we-collect-it&#34;&gt;What personal data we collect and why we collect it&lt;/h2&gt;&#xA;&lt;h3 id=&#34;please-read-this-statement-carefully-to-understand-how-charity-collects-uses-and-stores-your-personal-data&#34;&gt;PLEASE READ THIS STATEMENT CAREFULLY TO UNDERSTAND HOW CHARITY COLLECTS, USES AND STORES YOUR PERSONAL DATA.&lt;/h3&gt;&#xA;&lt;h2 id=&#34;comments&#34;&gt;Comments&lt;/h2&gt;&#xA;&lt;p&gt;Comments – When visitors leave comments on the site we collect the data shown in the comments form, and also the visitor’s IP address and browser user agent string to help spam detection. An anonymized string created from your email address (also called a hash) may be provided to the Gravatar service to see if you are using it. The Gravatar service privacy policy is available here: &lt;a href=&#34;https://automattic.com/privacy/&#34; target=&#34;_blank&#34;&gt;https://automattic.com/privacy/&lt;/a&gt;. After approval of your comment, your profile picture is visible to the public in the context of your comment.&lt;/p&gt;</description>
    </item>
    <item>
      <title>Search Result</title>
      <link>http://localhost:1313/search/</link>
      <pubDate>Mon, 24 Sep 2018 11:07:10 +0600</pubDate><author>hello@mialecozy.online (inhueman)</author>
      <guid>http://localhost:1313/search/</guid>
      <description></description>
    </item>
  </channel>
</rss>
