<?xml version="1.0" encoding="utf-8" standalone="yes"?>
<rss version="2.0" xmlns:atom="http://www.w3.org/2005/Atom">
  <channel>
    <title>Minimalist on Miale Cozy Spaces</title>
    <link>http://localhost:1313/tags/minimalist/</link>
    <description>Recent content in Minimalist on Miale Cozy Spaces</description>
    <generator>Hugo</generator>
    <language>en-us</language>
    <atom:link href="http://localhost:1313/tags/minimalist/index.xml" rel="self" type="application/rss+xml" />
  </channel>
</rss>
