<?xml version="1.0" encoding="utf-8" standalone="yes"?>
<rss version="2.0" xmlns:atom="http://www.w3.org/2005/Atom">
  <channel>
    <title>Eco-Home on Miale Cozy Spaces</title>
    <link>http://localhost:1313/tags/eco-home/</link>
    <description>Recent content in Eco-Home on Miale Cozy Spaces</description>
    <generator>Hugo</generator>
    <language>en-us</language>
    <lastBuildDate>Thu, 17 Oct 2024 15:32:55 +0300</lastBuildDate>
    <atom:link href="http://localhost:1313/tags/eco-home/index.xml" rel="self" type="application/rss+xml" />
    <item>
      <title>Sustainable Home Decor: Eco-Friendly Tips for a Greener Space</title>
      <link>http://localhost:1313/posts/post-7/</link>
      <pubDate>Thu, 17 Oct 2024 15:32:55 +0300</pubDate>
      <guid>http://localhost:1313/posts/post-7/</guid>
      <description></description>
    </item>
  </channel>
</rss>
