<?xml version="1.0" encoding="utf-8" standalone="yes"?>
<rss version="2.0" xmlns:atom="http://www.w3.org/2005/Atom">
  <channel>
    <title>Home on Miale Cozy Spaces</title>
    <link>http://localhost:1313/fr/</link>
    <description>Recent content in Home on Miale Cozy Spaces</description>
    <generator>Hugo</generator>
    <language>fr-fr</language>
    <managingEditor>hello@mialecozy.online (inhueman)</managingEditor>
    <webMaster>hello@mialecozy.online (inhueman)</webMaster>
    <lastBuildDate>Sat, 16 Oct 2021 11:07:10 +0600</lastBuildDate>
    <atom:link href="http://localhost:1313/fr/index.xml" rel="self" type="application/rss+xml" />
    <item>
      <title>À propos</title>
      <link>http://localhost:1313/fr/about/</link>
      <pubDate>Sat, 16 Oct 2021 11:07:10 +0600</pubDate><author>hello@mialecozy.online (inhueman)</author>
      <guid>http://localhost:1313/fr/about/</guid>
      <description>&lt;p&gt;&lt;strong&gt;Hello dear&amp;hellip;&lt;/strong&gt;&lt;br&gt;&#xA;Quisque sem ipsum, placerat nec tortor vel, blandit vestibulum libero. Morbi sollicitudin viverra justo et pellentesque. Nunc sem metus, maximus eu leo viverra, pulvinar vestibulum mi. Morbi bibendum convallis velit, sed fringilla diam. Nullam ultricies sem vel vestibulum congue. In gravida enim in orci pellentesque, in aliquam felis faucibus. Quisque sem ipsum, placerat nec tortor vel, blandit vestibulum libero. Morbi sollicitudin viverra justo et pellentesque. Nunc sem metus, maximus eu leo viverra, pulvinar vestibulum mi. Morbi bibendum convallis velit, sed fringilla diam. Nullam ultricies sem vel vestibulum congue.&lt;/p&gt;</description>
    </item>
    <item>
      <title>Contact</title>
      <link>http://localhost:1313/fr/contact/</link>
      <pubDate>Sat, 16 Oct 2021 11:07:10 +0600</pubDate><author>hello@mialecozy.online (inhueman)</author>
      <guid>http://localhost:1313/fr/contact/</guid>
      <description>&lt;h2 id=&#34;my-contact-info&#34;&gt;My Contact Info.&lt;/h2&gt;&#xA;&lt;p&gt;Quisque sem ipsum, placerat nec tortor vel, blandit vestibulum libero. Morbi sollicitudin viverra justo et pellentesque. Nunc sem metus, maximus eu leo viverra, pulvinar vestibulum&lt;/p&gt;</description>
    </item>
    <item>
      <title>Éléments</title>
      <link>http://localhost:1313/fr/elements/</link>
      <pubDate>Sat, 16 Oct 2021 11:07:10 +0600</pubDate><author>hello@mialecozy.online (inhueman)</author>
      <guid>http://localhost:1313/fr/elements/</guid>
      <description>&lt;h1 id=&#34;heading&#34;&gt;Heading&lt;/h1&gt;&#xA;&lt;h1 id=&#34;h1-heading&#34;&gt;H1 Heading&lt;/h1&gt;&#xA;&lt;h2 id=&#34;h2-heading&#34;&gt;H2 Heading&lt;/h2&gt;&#xA;&lt;h3 id=&#34;h3-heading&#34;&gt;H3 Heading&lt;/h3&gt;&#xA;&lt;h4 id=&#34;h4-heading&#34;&gt;H4 Heading&lt;/h4&gt;&#xA;&lt;h5 id=&#34;h5-heading&#34;&gt;H5 Heading&lt;/h5&gt;&#xA;&lt;h6 id=&#34;h6-heading&#34;&gt;H6 Heading&lt;/h6&gt;&#xA;&lt;h1 id=&#34;paragraph&#34;&gt;paragraph&lt;/h1&gt;&#xA;&lt;p&gt;Did you come here for something in particular or just general Riker-bashing? And blowing into maximum warp speed, you appeared for an instant to be in two places at once. We have a saboteur aboard. We know you’re dealing in stolen ore. But I wanna talk about the assassination attempt on Lieutenant Worf. Could someone survive inside a transporter buffer for 75 years? Fate. It protects fools, little children, and ships.&lt;/p&gt;</description>
    </item>
    <item>
      <title>How the travel sector is overcoming their pandamic stress!</title>
      <link>http://localhost:1313/fr/posts/post-1/</link>
      <pubDate>Wed, 14 Jul 2021 00:00:00 +0000</pubDate><author>hello@mialecozy.online (inhueman)</author>
      <guid>http://localhost:1313/fr/posts/post-1/</guid>
      <description>&lt;p&gt;Did you come here for something in particular or just general Riker-bashing? And blowing into maximum warp speed, you appeared for. an instant to be in two places at once. We have a saboteur aboard. We know you’re dealing in stolen ore. But I wanna talk about the assassination attempt on Lieutenant Worf.&lt;/p&gt;</description>
    </item>
    <item>
      <title>How the travel sector is overcoming their pandamic stress!</title>
      <link>http://localhost:1313/fr/posts/post-3/</link>
      <pubDate>Wed, 14 Jul 2021 00:00:00 +0000</pubDate><author>hello@mialecozy.online (inhueman)</author>
      <guid>http://localhost:1313/fr/posts/post-3/</guid>
      <description>&lt;p&gt;Did you come here for something in particular or just general Riker-bashing? And blowing into maximum warp speed, you appeared for. an instant to be in two places at once. We have a saboteur aboard. We know you’re dealing in stolen ore. But I wanna talk about the assassination attempt on Lieutenant Worf.&lt;/p&gt;</description>
    </item>
    <item>
      <title>How the travel sector is overcoming their pandamic stress!</title>
      <link>http://localhost:1313/fr/posts/post-5/</link>
      <pubDate>Wed, 14 Jul 2021 00:00:00 +0000</pubDate><author>hello@mialecozy.online (inhueman)</author>
      <guid>http://localhost:1313/fr/posts/post-5/</guid>
      <description>&lt;p&gt;Did you come here for something in particular or just general Riker-bashing? And blowing into maximum warp speed, you appeared for. an instant to be in two places at once. We have a saboteur aboard. We know you’re dealing in stolen ore. But I wanna talk about the assassination attempt on Lieutenant Worf.&lt;/p&gt;</description>
    </item>
    <item>
      <title>Politique de confidentialité</title>
      <link>http://localhost:1313/fr/privacy-policy/</link>
      <pubDate>Wed, 14 Jul 2021 00:00:00 +0000</pubDate><author>hello@mialecozy.online (inhueman)</author>
      <guid>http://localhost:1313/fr/privacy-policy/</guid>
      <description>&lt;h2 id=&#34;what-personal-data-we-collect-and-why-we-collect-it&#34;&gt;What personal data we collect and why we collect it&lt;/h2&gt;&#xA;&lt;h3 id=&#34;please-read-this-statement-carefully-to-understand-how-charity-collects-uses-and-stores-your-personal-data&#34;&gt;PLEASE READ THIS STATEMENT CAREFULLY TO UNDERSTAND HOW CHARITY COLLECTS, USES AND STORES YOUR PERSONAL DATA.&lt;/h3&gt;&#xA;&lt;h2 id=&#34;comments&#34;&gt;Comments&lt;/h2&gt;&#xA;&lt;p&gt;Comments – When visitors leave comments on the site we collect the data shown in the comments form, and also the visitor’s IP address and browser user agent string to help spam detection. An anonymized string created from your email address (also called a hash) may be provided to the Gravatar service to see if you are using it. The Gravatar service privacy policy is available here: &lt;a href=&#34;https://automattic.com/privacy/&#34; target=&#34;_blank&#34;&gt;https://automattic.com/privacy/&lt;/a&gt;. After approval of your comment, your profile picture is visible to the public in the context of your comment.&lt;/p&gt;</description>
    </item>
    <item>
      <title>The 2020/2021 Winter Beauty Trends and Shopping Tips</title>
      <link>http://localhost:1313/fr/posts/post-2/</link>
      <pubDate>Wed, 14 Jul 2021 00:00:00 +0000</pubDate><author>hello@mialecozy.online (inhueman)</author>
      <guid>http://localhost:1313/fr/posts/post-2/</guid>
      <description>&lt;p&gt;Did you come here for something in particular or just general Riker-bashing? And blowing into maximum warp speed, you appeared for. an instant to be in two places at once. We have a saboteur aboard. We know you’re dealing in stolen ore. But I wanna talk about the assassination attempt on Lieutenant Worf.&lt;/p&gt;</description>
    </item>
    <item>
      <title>The 2020/2021 Winter Beauty Trends and Shopping Tips</title>
      <link>http://localhost:1313/fr/posts/post-4/</link>
      <pubDate>Wed, 14 Jul 2021 00:00:00 +0000</pubDate><author>hello@mialecozy.online (inhueman)</author>
      <guid>http://localhost:1313/fr/posts/post-4/</guid>
      <description>&lt;p&gt;Did you come here for something in particular or just general Riker-bashing? And blowing into maximum warp speed, you appeared for. an instant to be in two places at once. We have a saboteur aboard. We know you’re dealing in stolen ore. But I wanna talk about the assassination attempt on Lieutenant Worf.&lt;/p&gt;</description>
    </item>
    <item>
      <title>The 2020/2021 Winter Beauty Trends and Shopping Tips</title>
      <link>http://localhost:1313/fr/posts/post-6/</link>
      <pubDate>Wed, 14 Jul 2021 00:00:00 +0000</pubDate><author>hello@mialecozy.online (inhueman)</author>
      <guid>http://localhost:1313/fr/posts/post-6/</guid>
      <description>&lt;p&gt;Did you come here for something in particular or just general Riker-bashing? And blowing into maximum warp speed, you appeared for. an instant to be in two places at once. We have a saboteur aboard. We know you’re dealing in stolen ore. But I wanna talk about the assassination attempt on Lieutenant Worf.&lt;/p&gt;</description>
    </item>
    <item>
      <title>Result of the research</title>
      <link>http://localhost:1313/fr/search/</link>
      <pubDate>Mon, 24 Sep 2018 11:07:10 +0600</pubDate><author>hello@mialecozy.online (inhueman)</author>
      <guid>http://localhost:1313/fr/search/</guid>
      <description></description>
    </item>
  </channel>
</rss>
