<?xml version="1.0" encoding="utf-8" standalone="yes"?>
<rss version="2.0" xmlns:atom="http://www.w3.org/2005/Atom">
  <channel>
    <title>Bathroom on Miale Cozy Spaces</title>
    <link>http://localhost:1313/categories/bathroom/</link>
    <description>Recent content in Bathroom on Miale Cozy Spaces</description>
    <generator>Hugo</generator>
    <language>en-us</language>
    <lastBuildDate>Fri, 02 Aug 2024 02:49:32 +0300</lastBuildDate>
    <atom:link href="http://localhost:1313/categories/bathroom/index.xml" rel="self" type="application/rss+xml" />
    <item>
      <title>10_minimalist_bathroom_vanities_to_transform_your_space</title>
      <link>http://localhost:1313/posts/10_minimalist_bathroom_vanities_to_transform_your_space/</link>
      <pubDate>Fri, 02 Aug 2024 02:49:32 +0300</pubDate>
      <guid>http://localhost:1313/posts/10_minimalist_bathroom_vanities_to_transform_your_space/</guid>
      <description>Are you tired of your outdated, cluttered bathroom vanity? Do you dream of a sleek, modern look that maximizes space and minimizes stress?</description>
    </item>
  </channel>
</rss>
