<?xml version="1.0" encoding="utf-8" standalone="yes"?>
<rss version="2.0" xmlns:atom="http://www.w3.org/2005/Atom">
  <channel>
    <title>Lifestyle on Miale Cozy Spaces</title>
    <link>http://localhost:1313/tags/lifestyle/</link>
    <description>Recent content in Lifestyle on Miale Cozy Spaces</description>
    <generator>Hugo</generator>
    <language>en-us</language>
    <lastBuildDate>Sat, 16 Oct 2021 11:07:10 +0700</lastBuildDate>
    <atom:link href="http://localhost:1313/tags/lifestyle/index.xml" rel="self" type="application/rss+xml" />
    <item>
      <title>How the travel sector is overcoming their pandamic stress!</title>
      <link>http://localhost:1313/posts/post-1/</link>
      <pubDate>Sat, 16 Oct 2021 11:07:10 +0700</pubDate>
      <guid>http://localhost:1313/posts/post-1/</guid>
      <description>&lt;p&gt;Did you come here for something in particular or just general Riker-bashing? And blowing into maximum warp speed, you appeared for. an instant to be in two places at once. We have a saboteur aboard. We know you’re dealing in stolen ore. But I wanna talk about the assassination attempt on Lieutenant Worf.&lt;/p&gt;</description>
    </item>
  </channel>
</rss>
