<?xml version="1.0" encoding="utf-8" standalone="yes"?>
<rss version="2.0" xmlns:atom="http://www.w3.org/2005/Atom">
  <channel>
    <title>Nature on Miale Cozy Spaces</title>
    <link>http://localhost:1313/tags/nature/</link>
    <description>Recent content in Nature on Miale Cozy Spaces</description>
    <generator>Hugo</generator>
    <language>en-us</language>
    <lastBuildDate>Sat, 16 Oct 2021 11:07:10 +1100</lastBuildDate>
    <atom:link href="http://localhost:1313/tags/nature/index.xml" rel="self" type="application/rss+xml" />
    <item>
      <title>10 Minimalist Bathroom Vanities to Transform Your Space</title>
      <link>http://localhost:1313/posts/10_minimalist_bathroom_vanities_to_transform_your_space/</link>
      <pubDate>Sat, 16 Oct 2021 11:07:10 +1100</pubDate>
      <guid>http://localhost:1313/posts/10_minimalist_bathroom_vanities_to_transform_your_space/</guid>
      <description>&lt;p&gt;Are you tired of your outdated, cluttered bathroom vanity? Do you dream of a sleek, modern look that maximizes space and minimizes stress? Look no further! In this comprehensive guide, we&amp;rsquo;ll explore 10 stunning minimalist bathroom vanities that will transform your space and elevate your daily routine.&lt;/p&gt;</description>
    </item>
  </channel>
</rss>
